oroJackson,4999
iphone13,1265
SamsungGalaxyS21,1448
GooglePixel6,1357
SonyXperia5,1100
OnePlus9,899
lgVelvet,399
MotorolaEdge,699
XiaomiMi11,799
nokia8.3,499
ASUSZenFone7,599
HuaweiP40,799
BlackBerryKey2,499
OppoFindX3,899
VivoX60,599
RealmeGT,699
LenovoLegionPhone,799
ZTEAxon30,499
CATS62,599
Fairphone4,699
essentialPhone,399
RedMagic6,799
PocoF3,499
Meizu18,599
tcL10,399
Honor30,699
GooglePixel4a,499
xiaomiRedmiNote10,299
motorolaMotoGPower,199
onePlusNord,499
SamsungGalaxyA52,399
LGStylo6,249
sonyXperia10,349
Nokia5.4,199
aSUSROGPhone5,899
HuaweiMate40,799
BlackBerryMotion,399
OppoReno5,599
vivoY72,299
RealmeNarzo30,199
LenovoK12,249
ZTEBladeV2021,149
cATS42,299
Fairphone3,399
EssentialPhonePH1,199
RedMagic5S,599
PocoX3Pro,299
meizu17,499
TCL20,249
Honor20Lite,199
GooglePixel3a,349
