ASUSZenFone7,599
BlackBerryKey2,499
BlackBerryMotion,399
CATS62,599
EssentialPhonePH1,199
Fairphone3,399
Fairphone4,699
GooglePixel3a,349
GooglePixel4a,499
GooglePixel6,1357
Honor20Lite,199
Honor30,699
HuaweiMate40,799
HuaweiP40,799
LGStylo6,249
LenovoK12,249
LenovoLegionPhone,799
Meizu18,599
MotorolaEdge,699
Nokia5.4,199
OnePlus9,899
OppoFindX3,899
OppoReno5,599
PocoF3,499
PocoX3Pro,299
RealmeGT,699
RealmeNarzo30,199
RedMagic5S,599
RedMagic6,799
SamsungGalaxyA52,399
SamsungGalaxyS21,1448
SonyXperia5,1100
TCL20,249
VivoX60,599
XiaomiMi11,799
ZTEAxon30,499
ZTEBladeV2021,149
aSUSROGPhone5,899
cATS42,299
essentialPhone,399
iphone13,1265
lgVelvet,399
meizu17,499
motorolaMotoGPower,199
nokia8.3,499
onePlusNord,499
oroJackson,4999
sonyXperia10,349
tcL10,399
vivoY72,299
xiaomiRedmiNote10,299
